MovieID,Title,ReleaseYear,DurationMinutes,Language,Country,Budget,BoxOffice,Description
1,Taiyō Ken Shizukesa Tabibito,2009,96,Japanese,Japan,255825301.3,199760550.3,A production that will be remembered in cinema history. The film takes the audience on a deep adventure.
2,Sang Voix Ombre,1997,160,French,France,95779129.23,212874216.6,A striking film with strong social messages. Aesthetically and artistically successful film. Amazes viewers with its visual effects.
3,Feng Ri,1994,99,Chinese,China,86897026.08,384720125.7,Notable for its color palette and cinematography. The film takes the audience on a deep adventure.
4,Dream Fall Hopeless,2016,97,Turkish,Turkey,25856701.56,87656624.21,Stands out with excellent music and set design. Its fast pace and surprising ending astonish viewers. Memorable scenes leave a lasting impact.
5,Tian Shan,2022,125,Chinese,China,68109405.06,164244015.7,Offers a unique interpretation of historical events. Its fast pace and surprising ending astonish viewers. Enriched with cultural elements and historical references.
6,Zindagi Raat Pyar Safar,2004,84,Hindi,India,293480918.1,897075227.7,Aesthetically and artistically successful film. A story blending fantasy elements with the real world.
7,Luz Fuego,2003,146,Spanish,Mexico,23931263.28,107801238.9,Centers on childhood memories and family bonds. Notable for its color palette and cinematography.
8,Shan Long,2021,158,Chinese,China,16305894.51,33361171.56,Elegantly addresses the relationship between nature and humanity. A story blending fantasy elements with the real world. A must-watch for its gripping script and powerful performances. Memorable scenes leave a lasting impact. Its mysterious atmosphere captivates the audience.
9,Fluss Feuer Schatten Traum,1988,168,German,Germany,276897922.6,1072263325,Elegantly addresses the relationship between nature and humanity. The plot tells a story where love and drama intertwine. Centers on childhood memories and family bonds.
10,Feuer Seele,2021,116,German,Germany,145685676.4,155985072.3,Features powerful dialogues and cleverly constructed plot. Enriched with cultural elements and historical references. The film takes the audience on a deep adventure.
11,Tormenta Noche Luz,1977,155,Spanish,Mexico,221820686.4,768874948,Stands out with its original script and captivating storyline. Its fast pace and surprising ending astonish viewers. The plot tells a story where love and drama intertwine. A must-watch for its gripping script and powerful performances. Stands out with fast-paced action scenes.
12,Silence Dream,2008,176,Turkish,Turkey,298078879.6,1182376094,Amazes viewers with its visual effects. Elegantly addresses the relationship between nature and humanity. A story blending fantasy elements with the real world.
13,Dream Blood Night,1973,86,English,USA,50696318.83,116315180.9,Centers on childhood memories and family bonds. Offers a unique interpretation of historical events. Interpersonal relationships are impressively portrayed. A striking film with strong social messages. Enriched with cultural elements and historical references.
14,Life Sun Shadow King,2003,116,Turkish,Turkey,278203146.6,700986467.1,Memorable scenes leave a lasting impact. Features powerful dialogues and cleverly constructed plot. Notable for its color palette and cinematography. Enriched with cultural elements and historical references.
15,Soul Night River Path,1987,112,English,USA,196475812.8,444073047.9,Centers on childhood memories and family bonds. Offers a unique interpretation of historical events. Stands out with its original script and captivating storyline. A must-watch for its gripping script and powerful performances.
16,Shan Xin Zhan Ling,1970,81,Chinese,China,123669005.6,354149594.2,Amazes viewers with its visual effects. The plot tells a story where love and drama intertwine. The film takes the audience on a deep adventure. Features powerful dialogues and cleverly constructed plot.
17,Queen Battle,1973,156,English,United Kingdom,191605824.1,706323825.9,Interpersonal relationships are impressively portrayed. Centers on childhood memories and family bonds. Successfully reflects local cultural motifs.
18,Regina Eredità Fuoco Notte,2006,169,Italian,Italy,55686766.36,101659465,Offers a unique interpretation of historical events. Centers on childhood memories and family bonds. Successfully reflects local cultural motifs. A must-watch for its gripping script and powerful performances. Enriched with cultural elements and historical references.
19,Night Fate,2019,179,Turkish,Turkey,19185020.27,43140528.68,Stands out with excellent music and set design. Stands out with fast-paced action scenes. A striking film with strong social messages.
20,Ombre Secret Nuit,2009,162,French,France,147871159.7,169671317,Offers a unique interpretation of historical events. Enriched with cultural elements and historical references. A thrilling production filled with suspenseful moments. The plot tells a story where love and drama intertwine. Stands out with fast-paced action scenes.
21,Shadow Whisper Dragon Night,2006,82,English,United Kingdom,269005461.7,314694489.7,Offers a unique interpretation of historical events. A must-watch for its gripping script and powerful performances. Interpersonal relationships are impressively portrayed.
22,Reino Luz,1970,141,Spanish,Spain,131099271.4,563493666.6,Interpersonal relationships are impressively portrayed. Offers a unique interpretation of historical events.
23,Chueok Saebyeok,1977,125,Korean,South Korea,100365194,186952890.9,Its mysterious atmosphere captivates the audience. Focuses on characters with psychological depth.
24,Path Night Fire,1975,162,English,USA,61334581.17,183705634.3,A thrilling production filled with suspenseful moments. Notable for its color palette and cinematography. Offers a unique interpretation of historical events. Its mysterious atmosphere captivates the audience. A striking film with strong social messages.
25,Light Fire Dragon Queen,2010,97,English,United Kingdom,11191637.44,6873240.33,A striking film with strong social messages. Focuses on characters with psychological depth. Stands out with excellent music and set design. The film takes the audience on a deep adventure.
26,Hana Ken,1991,180,Japanese,Japan,216443090.8,503183726.9,Centers on childhood memories and family bonds. Focuses on characters with psychological depth. Aesthetically and artistically successful film. A story blending fantasy elements with the real world. Elegantly addresses the relationship between nature and humanity.
27,Lumière Ombre Cœur Âme,1974,142,French,France,196322542.3,514460937.1,Notable for its color palette and cinematography. The plot tells a story where love and drama intertwine. A production that will be remembered in cinema history.
28,Fire Battle,1999,155,English,United Kingdom,19655305.79,82131990.53,Stands out with fast-paced action scenes. Amazes viewers with its visual effects. Memorable scenes leave a lasting impact.
29,Ghost Night,2021,95,English,USA,292768054.2,905195361.3,Elegantly addresses the relationship between nature and humanity. Stands out with its original script and captivating storyline.
30,Blood Battle Dream,1974,98,English,USA,227386250.8,285649165.9,Elegantly addresses the relationship between nature and humanity. The plot tells a story where love and drama intertwine. Aesthetically and artistically successful film.
31,Shadow Whisper,2020,179,English,United Kingdom,47747221.59,212872451.9,Stands out with fast-paced action scenes. Offers a unique interpretation of historical events. Notable for its color palette and cinematography.
32,Reino Fuego Dragón,1988,168,Spanish,Spain,38504279.55,44044867.32,Stands out with its original script and captivating storyline. Features powerful dialogues and cleverly constructed plot. Offers a unique interpretation of historical events.
33,Tabibito Unmei Taiyō,2008,158,Japanese,Japan,285114270.2,947252943.3,Amazes viewers with its visual effects. A thrilling production filled with suspenseful moments. Its fast pace and surprising ending astonish viewers.
34,Light Night Shadow Whisper,2009,144,English,United Kingdom,66173202.03,262475395.3,Aesthetically and artistically successful film. Centers on childhood memories and family bonds.
35,Gidae Haneul Sarang,2001,165,Korean,South Korea,276840575.3,205726948.9,A must-watch for its gripping script and powerful performances. Features powerful dialogues and cleverly constructed plot. Successfully reflects local cultural motifs. Stands out with excellent music and set design.
36,Yoru Ken Senshi Hoshi,1976,102,Japanese,Japan,47834660.4,30173793.49,Memorable scenes leave a lasting impact. Amazes viewers with its visual effects. A story blending fantasy elements with the real world. Centers on childhood memories and family bonds.
37,Light Night,1984,109,English,USA,29870208.07,114100174.2,A striking film with strong social messages. Elegantly addresses the relationship between nature and humanity.
38,Bimil Sarangi Bitnaneun,1973,107,Korean,South Korea,278402191.4,709218147.6,Notable for its color palette and cinematography. Its mysterious atmosphere captivates the audience. Enriched with cultural elements and historical references.
39,Étoile Âme,1991,168,French,France,170815416.9,301099529.1,Stands out with its original script and captivating storyline. Successfully reflects local cultural motifs. A must-watch for its gripping script and powerful performances. Worth watching for its emotional depth and character development. A production that will be remembered in cinema history.
40,Dragón Reino,1980,153,Spanish,Spain,291055684.7,1265369857,Amazes viewers with its visual effects. Elegantly addresses the relationship between nature and humanity. A striking film with strong social messages. Stands out with excellent music and set design. Enriched with cultural elements and historical references.
41,Kaze Tsuki Taiyō Unmei,2016,111,Japanese,Japan,98525136.23,306176874.5,The plot tells a story where love and drama intertwine. A striking film with strong social messages.
42,Reina Fuego Legado Luz,2019,134,Spanish,Mexico,159570957,423934080.6,Focuses on characters with psychological depth. Successfully reflects local cultural motifs.
43,Taiyō Hoshi,2014,96,Japanese,Japan,107842501.7,169936141.6,Stands out with its original script and captivating storyline. Offers a unique interpretation of historical events. Stands out with excellent music and set design. Elegantly addresses the relationship between nature and humanity.
44,Tormenta Secreto Fuego,2007,139,Spanish,Mexico,231664584.8,1027176600,Notable for its color palette and cinematography. Stands out with fast-paced action scenes.
45,Pyar Khwaab Jeevan Dosti,2014,84,Hindi,India,89328699.37,347309630.2,Features powerful dialogues and cleverly constructed plot. A must-watch for its gripping script and powerful performances.
46,Sombra Secreto Legado Tormenta,1973,86,Spanish,Mexico,33734479.85,72365818.52,Focuses on characters with psychological depth. Offers a unique interpretation of historical events.
47,Âme Ombre Liberté Feu,1978,149,French,France,34510524.81,91564035.09,Enriched with cultural elements and historical references. Its fast pace and surprising ending astonish viewers. Centers on childhood memories and family bonds. Memorable scenes leave a lasting impact.
48,Traum Blut,1973,124,German,Germany,135996989.5,374879159.9,Stands out with excellent music and set design. Features powerful dialogues and cleverly constructed plot. Its mysterious atmosphere captivates the audience. Centers on childhood memories and family bonds.
49,Noche Reina,2021,138,Spanish,Mexico,26648970.67,60175274.85,Stands out with its original script and captivating storyline. Enriched with cultural elements and historical references.
50,Shadow Night Dragon Kingdom,2014,99,English,United Kingdom,262560445.3,746484125.7,A striking film with strong social messages. Its mysterious atmosphere captivates the audience. Memorable scenes leave a lasting impact.
51,Hearts Chueok,2017,104,Korean,South Korea,19353377.82,85601376.83,Memorable scenes leave a lasting impact. Elegantly addresses the relationship between nature and humanity. A must-watch for its gripping script and powerful performances. Notable for its color palette and cinematography.
52,Fuoco Sussurro Notte Tempesta,2020,155,Italian,Italy,199923676.1,576929355.3,Stands out with its original script and captivating storyline. Enriched with cultural elements and historical references. Worth watching for its emotional depth and character development. A striking film with strong social messages.
53,Battle Blood Fire Soul,1988,125,English,USA,85672419.11,411481403.4,Offers a unique interpretation of historical events. Centers on childhood memories and family bonds. Aesthetically and artistically successful film.
54,Road Love Sun,1985,120,Turkish,Turkey,172570288.7,428664402.1,Centers on childhood memories and family bonds. A must-watch for its gripping script and powerful performances.
55,Shadow Light,1979,149,English,USA,292651970.8,849098469.8,Successfully reflects local cultural motifs. Aesthetically and artistically successful film. Stands out with excellent music and set design. A must-watch for its gripping script and powerful performances. The film takes the audience on a deep adventure.
56,Batalla Legado Tormenta,2004,162,Spanish,Mexico,211782681.3,557538669.9,A must-watch for its gripping script and powerful performances. Offers a unique interpretation of historical events. A thrilling production filled with suspenseful moments. A story blending fantasy elements with the real world. A striking film with strong social messages.
57,Hoshi Tabibito,1978,119,Japanese,Japan,7926280.65,25989077.12,A must-watch for its gripping script and powerful performances. The plot tells a story where love and drama intertwine.
58,Luz Sombras Reina,2011,147,Spanish,Spain,67032085.18,315754157.6,Centers on childhood memories and family bonds. Stands out with fast-paced action scenes. Its fast pace and surprising ending astonish viewers. Interpersonal relationships are impressively portrayed. Amazes viewers with its visual effects.
59,Sarang Sarangi Saebyeok,1990,145,Korean,South Korea,283048948.2,1298631766,Interpersonal relationships are impressively portrayed. Its mysterious atmosphere captivates the audience. The film takes the audience on a deep adventure. A production that will be remembered in cinema history.
60,Soul Light Dream,1992,151,English,USA,26735789.96,100936700.1,Stands out with its original script and captivating storyline. A story blending fantasy elements with the real world. Memorable scenes leave a lasting impact. Aesthetically and artistically successful film.
61,Secreto Reina Batalla Dragón,2008,106,Spanish,Spain,91317725.99,451814623.8,The film takes the audience on a deep adventure. Memorable scenes leave a lasting impact.
62,Luce Tempesta,1987,151,Italian,Italy,138904929.4,424441160.9,A production that will be remembered in cinema history. Focuses on characters with psychological depth. A striking film with strong social messages. The plot tells a story where love and drama intertwine. Elegantly addresses the relationship between nature and humanity.
63,Feuer Weg Traum,2001,108,German,Germany,8538584.4,4363302.33,Notable for its color palette and cinematography. Centers on childhood memories and family bonds.
64,Traum König Fluss,1996,168,German,Germany,193613360.8,121587570.4,Elegantly addresses the relationship between nature and humanity. A striking film with strong social messages. Memorable scenes leave a lasting impact. Enriched with cultural elements and historical references.
65,Tempesta Battaglia Ombra,2013,127,Italian,Italy,154001497.9,475662361.3,A must-watch for its gripping script and powerful performances. Stands out with excellent music and set design. Offers a unique interpretation of historical events.
66,Shadow Night Silence,1992,114,Turkish,Turkey,108668452.7,365464188.9,Its fast pace and surprising ending astonish viewers. Amazes viewers with its visual effects.
67,Eredità Notte Sussurro,1981,176,Italian,Italy,50557208.25,98674064.19,A thrilling production filled with suspenseful moments. Focuses on characters with psychological depth. Elegantly addresses the relationship between nature and humanity. Its mysterious atmosphere captivates the audience.
68,Road King Love,1970,116,Turkish,Turkey,112217751.4,300973127.7,Its fast pace and surprising ending astonish viewers. Worth watching for its emotional depth and character development. Amazes viewers with its visual effects.
69,Qing Shan,2009,171,Chinese,China,165558292.1,646236983.6,A thrilling production filled with suspenseful moments. Aesthetically and artistically successful film.
70,Shizukesa Tabibito Kaze Yūrei,2000,168,Japanese,Japan,109089285.4,455630400.2,A story blending fantasy elements with the real world. A thrilling production filled with suspenseful moments.
71,Sang Nuit,1978,119,French,France,38040582.25,41311392.76,The film takes the audience on a deep adventure. Successfully reflects local cultural motifs.
72,Uri Baram Bitnaneun Bam,2018,105,Korean,South Korea,32791305.87,133419570.6,The plot tells a story where love and drama intertwine. Stands out with fast-paced action scenes. A production that will be remembered in cinema history. Centers on childhood memories and family bonds.
73,Hana Tabibito,2018,157,Japanese,Japan,62017655.37,282508213.2,Stands out with fast-paced action scenes. Aesthetically and artistically successful film.
74,Batalla Luz Reino Reina,1987,125,Spanish,Mexico,48586922.14,133752745.2,Elegantly addresses the relationship between nature and humanity. Successfully reflects local cultural motifs.
75,Ken Yoru,2003,116,Japanese,Japan,51946152.1,202230547.6,Its fast pace and surprising ending astonish viewers. Offers a unique interpretation of historical events. A striking film with strong social messages.
76,Light Soul Night,2014,136,English,USA,202220946.6,198775156.5,Memorable scenes leave a lasting impact. A thrilling production filled with suspenseful moments. Successfully reflects local cultural motifs.
77,Fire Blood Shadow King,1977,146,English,USA,41205754.79,161948157.8,A striking film with strong social messages. A thrilling production filled with suspenseful moments. Interpersonal relationships are impressively portrayed. A production that will be remembered in cinema history.
78,Haneul Bam Bitnaneun,2008,108,Korean,South Korea,166397809.4,300789326.7,Stands out with its original script and captivating storyline. The film takes the audience on a deep adventure. Centers on childhood memories and family bonds. A striking film with strong social messages.
79,Drago Sussurro,1976,146,Italian,Italy,197735204.9,174506577.1,A story blending fantasy elements with the real world. Stands out with its original script and captivating storyline.
80,Light Dragon,1993,105,English,United Kingdom,178690768.6,885944530.2,Enriched with cultural elements and historical references. Successfully reflects local cultural motifs. Offers a unique interpretation of historical events. Elegantly addresses the relationship between nature and humanity. Notable for its color palette and cinematography.
81,Safar Raat,1992,131,Hindi,India,296263198.9,829941450.4,Enriched with cultural elements and historical references. A striking film with strong social messages.
82,Chueok Baram Sarangi,1984,92,Korean,South Korea,221470607.6,938239435,Features powerful dialogues and cleverly constructed plot. Centers on childhood memories and family bonds. A must-watch for its gripping script and powerful performances. Aesthetically and artistically successful film. A production that will be remembered in cinema history.
83,Luz Noche Fuego,2009,164,Spanish,Spain,225607119.1,892067354,Its fast pace and surprising ending astonish viewers. Enriched with cultural elements and historical references. Focuses on characters with psychological depth. A must-watch for its gripping script and powerful performances. The film takes the audience on a deep adventure.
84,Taiyō Ken Kaze,1997,137,Japanese,Japan,94710479.75,207748813.8,Offers a unique interpretation of historical events. Stands out with its original script and captivating storyline. A striking film with strong social messages. Memorable scenes leave a lasting impact.
85,Sun Silence Fate Dream,1989,177,Turkish,Turkey,33259906.87,117660599.5,Focuses on characters with psychological depth. Stands out with its original script and captivating storyline. Its fast pace and surprising ending astonish viewers. The plot tells a story where love and drama intertwine. Interpersonal relationships are impressively portrayed.
86,Geist Schatten Weg,2001,158,German,Germany,203108091.2,802097911.1,Aesthetically and artistically successful film. Its mysterious atmosphere captivates the audience.
87,Light Ghost,2021,177,English,USA,267457195.7,544450406.6,Memorable scenes leave a lasting impact. Its mysterious atmosphere captivates the audience. The plot tells a story where love and drama intertwine. Centers on childhood memories and family bonds.
88,Nuit Feu Cœur,1985,155,French,France,25940050.14,93279400.31,Focuses on characters with psychological depth. A must-watch for its gripping script and powerful performances.
89,Hoshi Tsuki Taiyō Tabibito,1999,145,Japanese,Japan,270472248.6,459744666.7,Elegantly addresses the relationship between nature and humanity. Interpersonal relationships are impressively portrayed. A must-watch for its gripping script and powerful performances. A thrilling production filled with suspenseful moments. A striking film with strong social messages.
90,Storm Battle Night,2014,143,English,United Kingdom,151079172.5,595564303.8,Memorable scenes leave a lasting impact. Amazes viewers with its visual effects. A striking film with strong social messages. Notable for its color palette and cinematography.
91,Dragon Light Battle Queen,2023,116,English,United Kingdom,79913952.36,146877146.3,Elegantly addresses the relationship between nature and humanity. A must-watch for its gripping script and powerful performances.
92,Weg Feuer,1974,140,German,Germany,128418214.1,264917040.6,Memorable scenes leave a lasting impact. Centers on childhood memories and family bonds. Focuses on characters with psychological depth. A must-watch for its gripping script and powerful performances.
93,Cœur Lumière Voix Âme,1996,159,French,France,154853085.1,545395835.9,Amazes viewers with its visual effects. Centers on childhood memories and family bonds. A story blending fantasy elements with the real world. Stands out with excellent music and set design. Enriched with cultural elements and historical references.
94,Segreto Fuoco,2004,152,Italian,Italy,218121213,167837179.2,Worth watching for its emotional depth and character development. Aesthetically and artistically successful film. A story blending fantasy elements with the real world.
95,Eredità Luce,2018,132,Italian,Italy,95936627.46,406384168.6,Enriched with cultural elements and historical references. A production that will be remembered in cinema history. Notable for its color palette and cinematography. Stands out with its original script and captivating storyline. Centers on childhood memories and family bonds.
96,Fuego Susurro Reino,1985,94,Spanish,Spain,45413693.23,28368516.41,Memorable scenes leave a lasting impact. Notable for its color palette and cinematography. The plot tells a story where love and drama intertwine. Amazes viewers with its visual effects. Stands out with its original script and captivating storyline.
97,Seele Traum,1978,115,German,Germany,197771878.4,255508114.8,The plot tells a story where love and drama intertwine. Stands out with fast-paced action scenes.
98,Light Battle,2008,132,English,USA,269083586.6,947853480.8,A thrilling production filled with suspenseful moments. Elegantly addresses the relationship between nature and humanity. A story blending fantasy elements with the real world.
99,Zhan Tian,1977,179,Chinese,China,279500909.8,456463071.3,Successfully reflects local cultural motifs. A must-watch for its gripping script and powerful performances.
100,Battle King,2023,175,English,USA,223315712.8,1051761275,Amazes viewers with its visual effects. Enriched with cultural elements and historical references. Stands out with excellent music and set design.
101,Zindagi Khwaab,1986,142,Hindi,India,160274256.1,584725327.4,A striking film with strong social messages. Centers on childhood memories and family bonds. Worth watching for its emotional depth and character development. Enriched with cultural elements and historical references. Aesthetically and artistically successful film.
102,Soul Path,2000,82,English,USA,193796577.7,886334935.2,Offers a unique interpretation of historical events. Centers on childhood memories and family bonds.
103,Nuit Voix Ombre Étoile,1986,119,French,France,191865243.1,700840680.1,The film takes the audience on a deep adventure. Interpersonal relationships are impressively portrayed. Enriched with cultural elements and historical references. A production that will be remembered in cinema history. Stands out with fast-paced action scenes.
104,Sang Lumière Rêve Nuit,1989,136,French,France,189590134.5,845117478.9,A striking film with strong social messages. A story blending fantasy elements with the real world. Memorable scenes leave a lasting impact. A must-watch for its gripping script and powerful performances. Offers a unique interpretation of historical events.
105,Pyar Khwaab Zindagi,2022,169,Hindi,India,78660537.38,62822438.97,Offers a unique interpretation of historical events. The film takes the audience on a deep adventure. Successfully reflects local cultural motifs. The plot tells a story where love and drama intertwine. Notable for its color palette and cinematography.
106,Battaglia Regina Eredità,1981,80,Italian,Italy,120498224.1,400937745.1,Worth watching for its emotional depth and character development. Its fast pace and surprising ending astonish viewers. Offers a unique interpretation of historical events.
107,Fuoco Tempesta Notte,2018,167,Italian,Italy,123389703.4,583310262.3,Centers on childhood memories and family bonds. Elegantly addresses the relationship between nature and humanity. A must-watch for its gripping script and powerful performances.
108,Nacht Schatten Weg Blut,1982,127,German,Germany,54975831.51,244299129.4,Stands out with fast-paced action scenes. Stands out with excellent music and set design. Amazes viewers with its visual effects.
109,König Geist,2014,131,German,Germany,185592212.9,594223076.3,Elegantly addresses the relationship between nature and humanity. A thrilling production filled with suspenseful moments. The film takes the audience on a deep adventure.
110,Luz Noche,2003,166,Spanish,Mexico,148497634.5,224257827.2,A story blending fantasy elements with the real world. A striking film with strong social messages. Interpersonal relationships are impressively portrayed. Aesthetically and artistically successful film.
111,Prem Sapna,1983,116,Hindi,India,218149066.1,294966826.9,A production that will be remembered in cinema history. Enriched with cultural elements and historical references.
112,Lumière Étoile,2009,127,French,France,175079471.7,597469211.9,A must-watch for its gripping script and powerful performances. Offers a unique interpretation of historical events. Interpersonal relationships are impressively portrayed.
113,Ombra Sussurro Segreto Luce,1983,174,Italian,Italy,179360184.1,148644803.1,Its mysterious atmosphere captivates the audience. Features powerful dialogues and cleverly constructed plot. Centers on childhood memories and family bonds. Offers a unique interpretation of historical events. A story blending fantasy elements with the real world.
114,Tabibito Kaze Shizukesa Taiyō,1970,159,Japanese,Japan,114590833.8,561364157.7,Enriched with cultural elements and historical references. Stands out with its original script and captivating storyline. Its fast pace and surprising ending astonish viewers.
115,Gidae Bam,1991,91,Korean,South Korea,95536557.34,275805166.1,The plot tells a story where love and drama intertwine. Aesthetically and artistically successful film. A striking film with strong social messages. Enriched with cultural elements and historical references.
116,Reino Secreto Dragón,1993,113,Spanish,Mexico,184073005.4,722861619.8,A must-watch for its gripping script and powerful performances. A story blending fantasy elements with the real world. A striking film with strong social messages.
117,Dream Night,2005,104,Turkish,Turkey,45011931.71,69065068.16,Offers a unique interpretation of historical events. Stands out with excellent music and set design. Memorable scenes leave a lasting impact.
118,Fire Queen Storm,2001,125,English,United Kingdom,296651165.8,897027246.1,Its mysterious atmosphere captivates the audience. Stands out with fast-paced action scenes.
119,Secret Ombre Âme Lumière,1988,175,French,France,152866960.3,264087150.4,Memorable scenes leave a lasting impact. Stands out with fast-paced action scenes. Worth watching for its emotional depth and character development.
120,Sarang Bimil,2013,83,Korean,South Korea,85642234.81,421017666.4,A must-watch for its gripping script and powerful performances. Aesthetically and artistically successful film.
121,Taiyō Tabibito Ken Hoshi,1975,138,Japanese,Japan,188692843.5,323029498.5,A story blending fantasy elements with the real world. Elegantly addresses the relationship between nature and humanity. Aesthetically and artistically successful film. Amazes viewers with its visual effects.
122,Unmei Yoru Ken Yūrei,2021,87,Japanese,Japan,223268097.7,661365428.5,Worth watching for its emotional depth and character development. Successfully reflects local cultural motifs. Interpersonal relationships are impressively portrayed.
123,Storm Queen Night Fire,1971,129,English,United Kingdom,233958017.3,416962669,A story blending fantasy elements with the real world. A production that will be remembered in cinema history. Centers on childhood memories and family bonds. Features powerful dialogues and cleverly constructed plot. Aesthetically and artistically successful film.
124,Dream Fire River,2012,145,English,USA,60361442.55,151174681.6,Stands out with fast-paced action scenes. Successfully reflects local cultural motifs. Memorable scenes leave a lasting impact. Its mysterious atmosphere captivates the audience. Features powerful dialogues and cleverly constructed plot.
125,Love Silence Road Dream,1997,85,Turkish,Turkey,154245767,752676625.9,A production that will be remembered in cinema history. Stands out with excellent music and set design.
126,Dosti Khwaab Prem,1975,99,Hindi,India,295263776.8,1056870918,Elegantly addresses the relationship between nature and humanity. The plot tells a story where love and drama intertwine. Focuses on characters with psychological depth. Stands out with fast-paced action scenes.
127,Tsuki Yūrei Tabibito Hana,2002,134,Japanese,Japan,124199311.7,321794729.9,Successfully reflects local cultural motifs. Its fast pace and surprising ending astonish viewers.
128,Unmei Yūrei,1977,180,Japanese,Japan,55071336.3,124918753.7,Elegantly addresses the relationship between nature and humanity. A story blending fantasy elements with the real world. Stands out with excellent music and set design. Successfully reflects local cultural motifs.
129,Luce Tempesta,1998,123,Italian,Italy,290032528.2,1282248797,A story blending fantasy elements with the real world. Features powerful dialogues and cleverly constructed plot.
130,Kampf Weg,2013,148,German,Germany,5865608.12,13357176.26,Stands out with excellent music and set design. Offers a unique interpretation of historical events. Interpersonal relationships are impressively portrayed. Centers on childhood memories and family bonds. A story blending fantasy elements with the real world.
131,Legado Susurro Dragón Noche,2016,159,Spanish,Spain,244033177.6,799294487.9,Aesthetically and artistically successful film. The film takes the audience on a deep adventure.
132,Ombre Sang Voix Âme,1977,83,French,France,63164229.36,215946151.4,A production that will be remembered in cinema history. Successfully reflects local cultural motifs.
133,Saebyeok Bitnaneun Chueok Uri,1979,82,Korean,South Korea,35379416.46,161360884.3,Stands out with excellent music and set design. Elegantly addresses the relationship between nature and humanity.
134,Âme Sang Liberté Étoile,1982,130,French,France,15751192.98,8433728.43,The plot tells a story where love and drama intertwine. A striking film with strong social messages. Interpersonal relationships are impressively portrayed. Its fast pace and surprising ending astonish viewers.
135,Batalla Secreto Reino,2016,109,Spanish,Spain,214429953.5,616998526.7,Enriched with cultural elements and historical references. Notable for its color palette and cinematography.
136,Prem Dil Sapna Aag,2000,159,Hindi,India,281719860.6,580466449.8,A striking film with strong social messages. Its mysterious atmosphere captivates the audience. Stands out with excellent music and set design.
137,Liberté Étoile Cœur Rêve,2002,167,French,France,102076323.1,327608916.1,Memorable scenes leave a lasting impact. Centers on childhood memories and family bonds. Notable for its color palette and cinematography. A story blending fantasy elements with the real world. Its mysterious atmosphere captivates the audience.
138,Bitnaneun Sarangi Chueok Haneul,2021,106,Korean,South Korea,85095935.97,329461200.4,Features powerful dialogues and cleverly constructed plot. A striking film with strong social messages. A thrilling production filled with suspenseful moments.
139,Aag Zindagi Sapna,2001,106,Hindi,India,167270738,835797599,Its fast pace and surprising ending astonish viewers. The plot tells a story where love and drama intertwine. Stands out with fast-paced action scenes.
140,Ghost Soul Shadow,1997,109,English,USA,36646065.83,55278038.8,Aesthetically and artistically successful film. Offers a unique interpretation of historical events. Its fast pace and surprising ending astonish viewers. Features powerful dialogues and cleverly constructed plot.
141,Battaglia Sussurro,1976,138,Italian,Italy,288812809.2,1126641299,Focuses on characters with psychological depth. The plot tells a story where love and drama intertwine.
142,Long Shan Hua,1976,106,Chinese,China,273340238.3,329825031.8,A story blending fantasy elements with the real world. A thrilling production filled with suspenseful moments. Aesthetically and artistically successful film. Notable for its color palette and cinematography. Its mysterious atmosphere captivates the audience.
143,Night Dream,2022,105,English,USA,132012984,312986187.7,A production that will be remembered in cinema history. Its fast pace and surprising ending astonish viewers. Stands out with its original script and captivating storyline. Stands out with fast-paced action scenes.
144,Licht Nacht Kampf Seele,1993,160,German,Germany,199666078.9,236055314.6,Memorable scenes leave a lasting impact. Stands out with excellent music and set design. Its fast pace and surprising ending astonish viewers. Centers on childhood memories and family bonds. Its mysterious atmosphere captivates the audience.
145,Tabibito Ken,1998,171,Japanese,Japan,241970936.3,1148489105,Successfully reflects local cultural motifs. Stands out with its original script and captivating storyline. Memorable scenes leave a lasting impact. The plot tells a story where love and drama intertwine. Interpersonal relationships are impressively portrayed.
146,Shizukesa Yūrei Unmei Tsuki,2012,87,Japanese,Japan,293331026.3,1440317477,A story blending fantasy elements with the real world. A must-watch for its gripping script and powerful performances. Its mysterious atmosphere captivates the audience. The film takes the audience on a deep adventure.
147,Fluss Seele Traum Geist,2003,169,German,Germany,121479452.9,412721225.8,Successfully reflects local cultural motifs. Amazes viewers with its visual effects. A production that will be remembered in cinema history. Stands out with fast-paced action scenes. The plot tells a story where love and drama intertwine.
148,Hua Long,1991,146,Chinese,China,297581228.9,529002820.4,Its fast pace and surprising ending astonish viewers. A must-watch for its gripping script and powerful performances. Successfully reflects local cultural motifs. Notable for its color palette and cinematography.
149,Fate Hopeless Sun,1971,155,Turkish,Turkey,77977708.97,331017748.2,A story blending fantasy elements with the real world. The plot tells a story where love and drama intertwine.
150,Dream Fire,1986,95,English,USA,14795995.44,50740364.17,Stands out with excellent music and set design. A must-watch for its gripping script and powerful performances.
151,Secret Ombre Feu Rêve,2021,171,French,France,268354499.9,892238347.2,Centers on childhood memories and family bonds. Offers a unique interpretation of historical events. Elegantly addresses the relationship between nature and humanity. Aesthetically and artistically successful film.
152,Fuego Reina Tormenta,1994,93,Spanish,Mexico,98690165.44,307978521.4,Memorable scenes leave a lasting impact. Stands out with fast-paced action scenes. The plot tells a story where love and drama intertwine. Aesthetically and artistically successful film. A striking film with strong social messages.
153,Sang Rêve Secret Étoile,1998,166,French,France,158113553.1,497595615.1,Stands out with excellent music and set design. Offers a unique interpretation of historical events. A striking film with strong social messages. A story blending fantasy elements with the real world. Memorable scenes leave a lasting impact.
154,Sun Fate King Love,1979,142,Turkish,Turkey,213489595,231045558.7,A striking film with strong social messages. The plot tells a story where love and drama intertwine. A story blending fantasy elements with the real world. Stands out with its original script and captivating storyline. Focuses on characters with psychological depth.
155,Blood Battle,1977,94,English,USA,36699495.21,112775398,Its mysterious atmosphere captivates the audience. A production that will be remembered in cinema history.
156,Light Shadow Fire River,1989,83,English,USA,237465508.5,270622609.8,Stands out with its original script and captivating storyline. A story blending fantasy elements with the real world. A striking film with strong social messages.
157,Yūrei Tsuki Hoshi Tabibito,1977,88,Japanese,Japan,261192747.5,621400582.1,A striking film with strong social messages. A story blending fantasy elements with the real world. Features powerful dialogues and cleverly constructed plot. Aesthetically and artistically successful film. Successfully reflects local cultural motifs.
158,King Fall Silence,2002,165,Turkish,Turkey,134997884.3,593795617.1,Interpersonal relationships are impressively portrayed. Worth watching for its emotional depth and character development. A must-watch for its gripping script and powerful performances. Focuses on characters with psychological depth. The plot tells a story where love and drama intertwine.
159,Notte Regno Regina Eredità,1998,101,Italian,Italy,212308983.5,652632841.3,Amazes viewers with its visual effects. Features powerful dialogues and cleverly constructed plot.
160,Ye Yue,2006,146,Chinese,China,57224063.93,151143666.3,The film takes the audience on a deep adventure. Enriched with cultural elements and historical references. Amazes viewers with its visual effects.
161,Secret Lumière Étoile,2023,90,French,France,242172846.7,782423341.5,A must-watch for its gripping script and powerful performances. Memorable scenes leave a lasting impact.
162,Sun Road,1996,120,Turkish,Turkey,114912289.5,104525699,Aesthetically and artistically successful film. Stands out with its original script and captivating storyline. Enriched with cultural elements and historical references. Successfully reflects local cultural motifs.
163,Storm Shadow Legacy,1979,166,English,United Kingdom,51172718.87,167086062.1,Interpersonal relationships are impressively portrayed. A thrilling production filled with suspenseful moments. A must-watch for its gripping script and powerful performances. Aesthetically and artistically successful film.
164,Pyar Dosti Safar Khwaab,1990,95,Hindi,India,16037496.5,25312034.23,A thrilling production filled with suspenseful moments. Enriched with cultural elements and historical references. The plot tells a story where love and drama intertwine. A must-watch for its gripping script and powerful performances. Stands out with excellent music and set design.
165,Ling Hua,1996,83,Chinese,China,122544390,190168312.1,Worth watching for its emotional depth and character development. Successfully reflects local cultural motifs.
166,Hua Zhan Feng Xin,2011,152,Chinese,China,122320403.5,107346869.3,Worth watching for its emotional depth and character development. Focuses on characters with psychological depth. Memorable scenes leave a lasting impact.
167,Feng Ri Yue Shan,1998,139,Chinese,China,288353775.6,949631057.3,Features powerful dialogues and cleverly constructed plot. Enriched with cultural elements and historical references. Centers on childhood memories and family bonds. Interpersonal relationships are impressively portrayed.
168,River King Fire Path,2023,145,English,USA,84752731,103938492.6,Offers a unique interpretation of historical events. A thrilling production filled with suspenseful moments. Aesthetically and artistically successful film. A story blending fantasy elements with the real world. Focuses on characters with psychological depth.
169,Geist Weg Feuer Traum,1997,144,German,Germany,287246443.5,555065760.4,Worth watching for its emotional depth and character development. Centers on childhood memories and family bonds. A must-watch for its gripping script and powerful performances. Amazes viewers with its visual effects.
170,Bitnaneun Baram Chueok Sarangi,2008,168,Korean,South Korea,40550860.58,188567990.4,Focuses on characters with psychological depth. Offers a unique interpretation of historical events. A striking film with strong social messages. Successfully reflects local cultural motifs. Interpersonal relationships are impressively portrayed.
171,Yue Ye Xin,1975,83,Chinese,China,267825371.8,1117435666,Features powerful dialogues and cleverly constructed plot. Its mysterious atmosphere captivates the audience. Interpersonal relationships are impressively portrayed. Stands out with its original script and captivating storyline. Successfully reflects local cultural motifs.
172,Susurro Sombra,1970,127,Spanish,Mexico,280906230.9,702433968,Centers on childhood memories and family bonds. Offers a unique interpretation of historical events. Its mysterious atmosphere captivates the audience. Amazes viewers with its visual effects.
173,Shadow Night Fire,2022,171,English,United Kingdom,66733730.32,327698387.9,The film takes the audience on a deep adventure. Amazes viewers with its visual effects. Notable for its color palette and cinematography.
174,Jeevan Pyar Rang Sapna,1977,144,Hindi,India,148456390.8,442850363.7,Elegantly addresses the relationship between nature and humanity. Aesthetically and artistically successful film.
175,Noche Luz Sombra Reino,1974,152,Spanish,Mexico,256715948.2,1146111924,Centers on childhood memories and family bonds. Focuses on characters with psychological depth. Stands out with excellent music and set design. The film takes the audience on a deep adventure.
176,Rang Khwaab,2011,135,Hindi,India,253380295.3,590614653.3,A striking film with strong social messages. Its mysterious atmosphere captivates the audience. Its fast pace and surprising ending astonish viewers. Successfully reflects local cultural motifs. The plot tells a story where love and drama intertwine.
177,Luz Secreto Reina,1984,133,Spanish,Mexico,159956879.5,307611290.1,A story blending fantasy elements with the real world. Worth watching for its emotional depth and character development.
178,Legado Reina Sombra Fuego,1997,105,Spanish,Mexico,49762231.79,94479884.98,The film takes the audience on a deep adventure. Elegantly addresses the relationship between nature and humanity. Notable for its color palette and cinematography. A must-watch for its gripping script and powerful performances. Enriched with cultural elements and historical references.
179,Ombre Nuit Secret Étoile,1976,123,French,France,249838995,1048662226,Notable for its color palette and cinematography. Stands out with excellent music and set design.
180,Reina Tormenta Sombras Fuego,1977,84,Spanish,Spain,113529842.3,511494719.4,A production that will be remembered in cinema history. Features powerful dialogues and cleverly constructed plot.
181,Drago Regina Battaglia,1997,166,Italian,Italy,17209092.76,12647205.69,Worth watching for its emotional depth and character development. Features powerful dialogues and cleverly constructed plot. Centers on childhood memories and family bonds. The film takes the audience on a deep adventure. Stands out with excellent music and set design.
182,Dil Safar Khwaab Zindagi,1999,159,Hindi,India,30832739.32,105729977.6,A thrilling production filled with suspenseful moments. The film takes the audience on a deep adventure. Features powerful dialogues and cleverly constructed plot.
183,Dragón Fuego Batalla,1974,153,Spanish,Mexico,38231497.04,106667445.4,Stands out with its original script and captivating storyline. Worth watching for its emotional depth and character development. Aesthetically and artistically successful film. The plot tells a story where love and drama intertwine. A production that will be remembered in cinema history.
184,Tormenta Fuego,1997,119,Spanish,Spain,175307943.5,514554527.9,Features powerful dialogues and cleverly constructed plot. A must-watch for its gripping script and powerful performances. A production that will be remembered in cinema history. Its mysterious atmosphere captivates the audience.
185,Taiyō Unmei Tabibito Senshi,2003,87,Japanese,Japan,71597512.96,299730604.9,Notable for its color palette and cinematography. Amazes viewers with its visual effects. Stands out with fast-paced action scenes.
186,Ghost River Fire Light,1982,156,English,USA,207877944.8,900951134.8,Stands out with its original script and captivating storyline. A thrilling production filled with suspenseful moments. Stands out with excellent music and set design. The plot tells a story where love and drama intertwine.
187,Bitnaneun Bimil,1984,168,Korean,South Korea,69467066.05,229772051.8,Amazes viewers with its visual effects. Interpersonal relationships are impressively portrayed. Stands out with its original script and captivating storyline. The film takes the audience on a deep adventure. Its mysterious atmosphere captivates the audience.
188,Hana Tsuki,1974,151,Japanese,Japan,34999193.13,63264295.43,The plot tells a story where love and drama intertwine. The film takes the audience on a deep adventure. Amazes viewers with its visual effects. A production that will be remembered in cinema history.
189,Shadow Road,1984,123,Turkish,Turkey,254336488.1,408677831.6,A thrilling production filled with suspenseful moments. The film takes the audience on a deep adventure. Centers on childhood memories and family bonds. Aesthetically and artistically successful film.
190,Rang Sapna Khwaab,2011,106,Hindi,India,91869177.22,145215284,Offers a unique interpretation of historical events. Stands out with fast-paced action scenes. A thrilling production filled with suspenseful moments. Aesthetically and artistically successful film. Amazes viewers with its visual effects.
191,Lumière Secret,2004,120,French,France,180064974.2,881673188.4,Focuses on characters with psychological depth. A production that will be remembered in cinema history. Aesthetically and artistically successful film.
192,Night King Dream,1985,96,English,USA,255525040.2,1241271496,Stands out with its original script and captivating storyline. Its fast pace and surprising ending astonish viewers.
193,Zindagi Khwaab Safar Pyar,2018,143,Hindi,India,155908263.7,203537198.1,Enriched with cultural elements and historical references. Elegantly addresses the relationship between nature and humanity. Interpersonal relationships are impressively portrayed. Notable for its color palette and cinematography. The plot tells a story where love and drama intertwine.
194,Secret Cœur Feu,1984,110,French,France,119072042.6,223497707.7,Focuses on characters with psychological depth. Stands out with fast-paced action scenes. Aesthetically and artistically successful film. Successfully reflects local cultural motifs.
195,Battle Secret Dragon Fire,1988,125,English,United Kingdom,69438184.67,47575096.39,Memorable scenes leave a lasting impact. Its mysterious atmosphere captivates the audience. A striking film with strong social messages. A must-watch for its gripping script and powerful performances. Enriched with cultural elements and historical references.
196,Aag Khwaab,1971,109,Hindi,India,80054651.01,67365828.08,Enriched with cultural elements and historical references. Worth watching for its emotional depth and character development.
197,Secret Night Legacy Battle,1977,84,English,United Kingdom,164034805,328382963.5,Offers a unique interpretation of historical events. Features powerful dialogues and cleverly constructed plot. Aesthetically and artistically successful film.
198,Dragón Susurro Batalla,2017,81,Spanish,Mexico,231137789.2,408721811.6,A striking film with strong social messages. Notable for its color palette and cinematography.
199,Zhan Hua Tian,2018,109,Chinese,China,68464427.55,265033798.4,A story blending fantasy elements with the real world. Stands out with excellent music and set design. A must-watch for its gripping script and powerful performances. Stands out with fast-paced action scenes. Amazes viewers with its visual effects.
200,Sapna Pyar Jeevan,2019,136,Hindi,India,135266594.7,407559694.2,A story blending fantasy elements with the real world. The film takes the audience on a deep adventure. A striking film with strong social messages. Centers on childhood memories and family bonds.
201,Blood Fire Ghost Shadow,1991,134,English,USA,205885960.4,476658780.9,Aesthetically and artistically successful film. A must-watch for its gripping script and powerful performances.
202,Dragón Reina,2010,153,Spanish,Spain,260149954.3,1277537767,Amazes viewers with its visual effects. A striking film with strong social messages. A thrilling production filled with suspenseful moments. A must-watch for its gripping script and powerful performances. Elegantly addresses the relationship between nature and humanity.
203,Saebyeok Uri,2010,101,Korean,South Korea,31741796.64,94847043.22,The film takes the audience on a deep adventure. Stands out with its original script and captivating storyline. Amazes viewers with its visual effects. Stands out with fast-paced action scenes. Interpersonal relationships are impressively portrayed.
204,Blut Schatten Kampf,1983,164,German,Germany,157556511.4,401136765.2,Memorable scenes leave a lasting impact. Interpersonal relationships are impressively portrayed. Stands out with its original script and captivating storyline. A thrilling production filled with suspenseful moments.
205,Road Love,2004,175,Turkish,Turkey,21094515.73,101210124.7,Memorable scenes leave a lasting impact. Offers a unique interpretation of historical events. Centers on childhood memories and family bonds. A striking film with strong social messages.
206,Night Love Shadow,2008,155,Turkish,Turkey,61290365.74,228335677.1,Stands out with excellent music and set design. Stands out with fast-paced action scenes. Interpersonal relationships are impressively portrayed.
207,Fuego Batalla Sombras,2021,122,Spanish,Spain,273135610.4,1217249951,A production that will be remembered in cinema history. Notable for its color palette and cinematography.
208,Haneul Sarangi Uri,1992,158,Korean,South Korea,247117166.8,1068608149,Stands out with excellent music and set design. Interpersonal relationships are impressively portrayed. Centers on childhood memories and family bonds. Stands out with its original script and captivating storyline. Offers a unique interpretation of historical events.
209,Reino Noche Reina Luz,1976,110,Spanish,Spain,265719774.5,321705604.4,Memorable scenes leave a lasting impact. Successfully reflects local cultural motifs. Focuses on characters with psychological depth. A thrilling production filled with suspenseful moments. Its mysterious atmosphere captivates the audience.
210,Night Light,2018,178,English,United Kingdom,233963437.3,548745403.8,Stands out with excellent music and set design. The film takes the audience on a deep adventure.
211,Shadow Whisper Night,2010,123,English,United Kingdom,223914252.4,974246244.2,Offers a unique interpretation of historical events. Aesthetically and artistically successful film.
212,Soul Dream,2012,139,English,USA,20937032.77,62139614.83,A striking film with strong social messages. Enriched with cultural elements and historical references. Stands out with its original script and captivating storyline.
213,Hopeless Road King Shadow,2023,92,Turkish,Turkey,53582362.87,56726641.45,Aesthetically and artistically successful film. Stands out with excellent music and set design. Its mysterious atmosphere captivates the audience. Stands out with its original script and captivating storyline.
214,Voix Liberté Nuit Sang,2015,107,French,France,132896414.1,95007925.65,Stands out with excellent music and set design. The plot tells a story where love and drama intertwine. Features powerful dialogues and cleverly constructed plot. The film takes the audience on a deep adventure.
215,Taiyō Unmei,2019,111,Japanese,Japan,112706088.7,177335305,The film takes the audience on a deep adventure. A must-watch for its gripping script and powerful performances.
216,Âme Cœur,2013,92,French,France,239178787.5,1013407219,Memorable scenes leave a lasting impact. Its fast pace and surprising ending astonish viewers.
217,Dragon Whisper Queen Light,2022,151,English,United Kingdom,188222537.2,623210484,A thrilling production filled with suspenseful moments. Its mysterious atmosphere captivates the audience. A must-watch for its gripping script and powerful performances.
218,Silence Night,1970,81,Turkish,Turkey,117061404.5,300202999.5,The plot tells a story where love and drama intertwine. Stands out with fast-paced action scenes. Amazes viewers with its visual effects. Memorable scenes leave a lasting impact.
219,Kampf Feuer König Geist,2019,93,German,Germany,213903067.1,868589548.8,Centers on childhood memories and family bonds. Successfully reflects local cultural motifs. Offers a unique interpretation of historical events. Aesthetically and artistically successful film. A must-watch for its gripping script and powerful performances.
220,Dream Hopeless Sun Love,2010,88,Turkish,Turkey,100864012.8,326638014.1,Worth watching for its emotional depth and character development. The film takes the audience on a deep adventure.
221,Reina Sombras Tormenta Secreto,2018,110,Spanish,Spain,221505028.5,865554344.5,A production that will be remembered in cinema history. Amazes viewers with its visual effects. Aesthetically and artistically successful film. Interpersonal relationships are impressively portrayed. Notable for its color palette and cinematography.
222,Hana Taiyō Shizukesa,1985,174,Japanese,Japan,263260906.3,290693101.7,Notable for its color palette and cinematography. A production that will be remembered in cinema history. Successfully reflects local cultural motifs. The film takes the audience on a deep adventure. Worth watching for its emotional depth and character development.
223,Luz Legado Susurro Dragón,1991,106,Spanish,Mexico,162023869.8,742044089.9,Stands out with its original script and captivating storyline. Stands out with excellent music and set design. Notable for its color palette and cinematography. The film takes the audience on a deep adventure.
224,Storm Queen,2001,86,English,United Kingdom,190492904.3,216570249.3,Elegantly addresses the relationship between nature and humanity. Focuses on characters with psychological depth. Amazes viewers with its visual effects.
225,Ombre Sang,2002,172,French,France,140388737.1,173901585.7,Features powerful dialogues and cleverly constructed plot. Worth watching for its emotional depth and character development. A production that will be remembered in cinema history.
226,Licht Seele Kampf,2006,114,German,Germany,258796445.3,689761931.2,Stands out with excellent music and set design. Memorable scenes leave a lasting impact. Its fast pace and surprising ending astonish viewers. Features powerful dialogues and cleverly constructed plot. A story blending fantasy elements with the real world.
227,Aag Pyar,2018,82,Hindi,India,228697825,554200647.5,Focuses on characters with psychological depth. A story blending fantasy elements with the real world. Stands out with its original script and captivating storyline.
228,König Geist Kampf,1994,138,German,Germany,85326111.45,258507353.7,Amazes viewers with its visual effects. Aesthetically and artistically successful film. The film takes the audience on a deep adventure. Its fast pace and surprising ending astonish viewers. A story blending fantasy elements with the real world.
229,Dragón Fuego Noche,1993,133,Spanish,Mexico,282115353.1,1373116605,Memorable scenes leave a lasting impact. The plot tells a story where love and drama intertwine.
230,Secret Kingdom Fire Whisper,1994,104,English,United Kingdom,229003781.3,1100806508,Notable for its color palette and cinematography. Interpersonal relationships are impressively portrayed.
231,Jeevan Rang Dil Sapna,2017,141,Hindi,India,10835017.83,45063585.1,Features powerful dialogues and cleverly constructed plot. Stands out with excellent music and set design. Centers on childhood memories and family bonds. Aesthetically and artistically successful film.
232,Weg Licht,1985,164,German,Germany,252534012,140287250.8,Offers a unique interpretation of historical events. Elegantly addresses the relationship between nature and humanity. Stands out with fast-paced action scenes. Its fast pace and surprising ending astonish viewers. Amazes viewers with its visual effects.
233,Prem Pyar Aag Jeevan,1980,168,Hindi,India,91014760.01,441838018.6,A thrilling production filled with suspenseful moments. Notable for its color palette and cinematography.
234,Susurro Noche Sombras,2019,114,Spanish,Spain,224744656.7,1052945774,A striking film with strong social messages. The film takes the audience on a deep adventure. A thrilling production filled with suspenseful moments.
235,Storm Secret,2019,133,English,United Kingdom,196529096.9,746553127.4,Offers a unique interpretation of historical events. Aesthetically and artistically successful film. Amazes viewers with its visual effects.
236,Baram Sarangi,1981,137,Korean,South Korea,170344094.2,248119831.3,Enriched with cultural elements and historical references. Memorable scenes leave a lasting impact. Stands out with excellent music and set design.
237,Regina Segreto Ombra,2009,90,Italian,Italy,88291112.82,194220884.6,A striking film with strong social messages. Centers on childhood memories and family bonds. Successfully reflects local cultural motifs.
238,Queen Light,1970,176,English,United Kingdom,286586513.1,1001319020,Interpersonal relationships are impressively portrayed. Features powerful dialogues and cleverly constructed plot.
239,Xin Yue Long,2018,140,Chinese,China,227195035.6,731493489.7,Worth watching for its emotional depth and character development. Its mysterious atmosphere captivates the audience. Centers on childhood memories and family bonds. Interpersonal relationships are impressively portrayed.
240,Prem Sapna Dil Raat,2009,122,Hindi,India,241977926.5,124347854.8,Offers a unique interpretation of historical events. Successfully reflects local cultural motifs. Worth watching for its emotional depth and character development. Its mysterious atmosphere captivates the audience.
241,Bimil Baram Saebyeok Chueok,2009,132,Korean,South Korea,198238408.9,101910598.2,Centers on childhood memories and family bonds. Stands out with excellent music and set design. Worth watching for its emotional depth and character development. Features powerful dialogues and cleverly constructed plot.
242,Chueok Bam Sarang,1995,124,Korean,South Korea,128660926,603635328.8,Features powerful dialogues and cleverly constructed plot. Amazes viewers with its visual effects. Offers a unique interpretation of historical events. Aesthetically and artistically successful film.
243,Hua Shan Feng Yue,2006,96,Chinese,China,149628554.4,133454382.4,A striking film with strong social messages. Centers on childhood memories and family bonds.
244,Ye Qing,1985,101,Chinese,China,226099130,784304636.4,Stands out with its original script and captivating storyline. A must-watch for its gripping script and powerful performances.
245,Raat Rang Sapna Khwaab,2019,172,Hindi,India,77659748.53,205282706.3,Stands out with fast-paced action scenes. Offers a unique interpretation of historical events. A must-watch for its gripping script and powerful performances. Worth watching for its emotional depth and character development. Elegantly addresses the relationship between nature and humanity.
246,Legado Reino Dragón Luz,1974,171,Spanish,Spain,223018862,839136654.5,Enriched with cultural elements and historical references. A thrilling production filled with suspenseful moments. A production that will be remembered in cinema history.
247,Battle Secret,1977,174,English,United Kingdom,177864046,239530164.1,A must-watch for its gripping script and powerful performances. Interpersonal relationships are impressively portrayed. Elegantly addresses the relationship between nature and humanity.
248,Secreto Susurro Tormenta,1970,155,Spanish,Mexico,160913110.6,693862753.2,A thrilling production filled with suspenseful moments. Interpersonal relationships are impressively portrayed. The film takes the audience on a deep adventure.
249,Feng Tian Ling,1999,117,Chinese,China,251246388,690738376.7,A story blending fantasy elements with the real world. Centers on childhood memories and family bonds. Offers a unique interpretation of historical events.
250,Tsuki Hoshi Senshi Hana,2008,144,Japanese,Japan,297105366,313620876.1,Offers a unique interpretation of historical events. Interpersonal relationships are impressively portrayed. The plot tells a story where love and drama intertwine. A must-watch for its gripping script and powerful performances.
251,Dream Hopeless,2022,169,Turkish,Turkey,220849809.6,1027881469,Centers on childhood memories and family bonds. Stands out with its original script and captivating storyline. The film takes the audience on a deep adventure. Focuses on characters with psychological depth.
252,Jeevan Aag Rang Dosti,1991,124,Hindi,India,227435398.4,513954857.6,A thrilling production filled with suspenseful moments. Aesthetically and artistically successful film. A must-watch for its gripping script and powerful performances. Successfully reflects local cultural motifs. Elegantly addresses the relationship between nature and humanity.
253,Hoshi Yūrei Kaze Senshi,2015,163,Japanese,Japan,49526493.16,55421350.21,A story blending fantasy elements with the real world. Amazes viewers with its visual effects. Notable for its color palette and cinematography.
254,Unmei Hana Kaze,1993,166,Japanese,Japan,235757026.1,1028593386,A thrilling production filled with suspenseful moments. Its mysterious atmosphere captivates the audience.
255,Chueok Sarang,1981,145,Korean,South Korea,195204292.5,618849484.1,The plot tells a story where love and drama intertwine. A thrilling production filled with suspenseful moments. Worth watching for its emotional depth and character development.
256,Rang Jeevan Raat Safar,2001,102,Hindi,India,196012691.6,429105571.2,Enriched with cultural elements and historical references. Notable for its color palette and cinematography. Stands out with excellent music and set design. Its mysterious atmosphere captivates the audience. The film takes the audience on a deep adventure.
257,Shadow Battle,1977,142,English,United Kingdom,192602093.6,883687878.6,Enriched with cultural elements and historical references. Offers a unique interpretation of historical events. A story blending fantasy elements with the real world. A thrilling production filled with suspenseful moments. Elegantly addresses the relationship between nature and humanity.
258,Fate Sun,1994,118,Turkish,Turkey,171641218.3,162627590.9,Interpersonal relationships are impressively portrayed. Offers a unique interpretation of historical events. The film takes the audience on a deep adventure.
259,Jeevan Rang Raat Dosti,2005,142,Hindi,India,19647532.99,83838925.76,Stands out with its original script and captivating storyline. Features powerful dialogues and cleverly constructed plot.
260,Batalla Luz,1981,137,Spanish,Mexico,240253635.1,253156183.7,Stands out with fast-paced action scenes. Focuses on characters with psychological depth. Enriched with cultural elements and historical references.
261,Hana Taiyō Senshi,1975,118,Japanese,Japan,109386112.4,322680518.7,The plot tells a story where love and drama intertwine. Its fast pace and surprising ending astonish viewers. A production that will be remembered in cinema history. Centers on childhood memories and family bonds.
262,Tian Hua Yue,1998,142,Chinese,China,208682897.6,595163242,Offers a unique interpretation of historical events. A thrilling production filled with suspenseful moments. Centers on childhood memories and family bonds.
263,Tsuki Shizukesa,1985,98,Japanese,Japan,90262914.26,383330811.8,Elegantly addresses the relationship between nature and humanity. Its mysterious atmosphere captivates the audience. Enriched with cultural elements and historical references.
264,Road Hopeless Dream King,2016,89,Turkish,Turkey,165179658.9,276351348.9,Centers on childhood memories and family bonds. Memorable scenes leave a lasting impact. Offers a unique interpretation of historical events. Aesthetically and artistically successful film.
265,Tian Yue Hua,1983,161,Chinese,China,209192478.7,285929173.3,Memorable scenes leave a lasting impact. Aesthetically and artistically successful film. A must-watch for its gripping script and powerful performances.
266,Rang Khwaab,1994,111,Hindi,India,23718616.79,25160602.14,Stands out with fast-paced action scenes. A must-watch for its gripping script and powerful performances. Notable for its color palette and cinematography. Its mysterious atmosphere captivates the audience. Successfully reflects local cultural motifs.
267,Licht König,1979,81,German,Germany,29835083.15,146421144.1,Stands out with its original script and captivating storyline. Its fast pace and surprising ending astonish viewers.
268,Reino Noche Batalla,1989,92,Spanish,Mexico,158923555.6,580396757,The plot tells a story where love and drama intertwine. Stands out with its original script and captivating storyline.
269,Blood River Light Dream,2018,124,English,USA,241922456.3,858861848.8,Enriched with cultural elements and historical references. The film takes the audience on a deep adventure. Centers on childhood memories and family bonds.
270,Long Yue,2015,98,Chinese,China,113950799.1,434084252.1,Offers a unique interpretation of historical events. Successfully reflects local cultural motifs. Worth watching for its emotional depth and character development. Centers on childhood memories and family bonds.
271,Noche Susurro Dragón Reino,1996,136,Spanish,Spain,295880759.5,1211072509,A production that will be remembered in cinema history. Notable for its color palette and cinematography. Stands out with fast-paced action scenes.
272,Kampf Fluss,1996,161,German,Germany,24302722.66,91980668.53,Stands out with fast-paced action scenes. A story blending fantasy elements with the real world.
273,Traum Seele,2005,134,German,Germany,203271402.4,954559738.1,Interpersonal relationships are impressively portrayed. The film takes the audience on a deep adventure.
274,Legado Reino Batalla Sombras,1982,169,Spanish,Spain,160530284.5,329532204.3,Stands out with its original script and captivating storyline. Centers on childhood memories and family bonds. Successfully reflects local cultural motifs. Its fast pace and surprising ending astonish viewers. Worth watching for its emotional depth and character development.
275,Hopeless Road Life,1974,145,Turkish,Turkey,106310814.3,77509039.59,A must-watch for its gripping script and powerful performances. Centers on childhood memories and family bonds.
276,Lumière Liberté,2023,117,French,France,90103808.89,164074772.1,Amazes viewers with its visual effects. A production that will be remembered in cinema history. Notable for its color palette and cinematography. Its fast pace and surprising ending astonish viewers. The plot tells a story where love and drama intertwine.
277,Bimil Bam Baram,2009,125,Korean,South Korea,2264385.7,5823077.15,A story blending fantasy elements with the real world. Stands out with its original script and captivating storyline. Interpersonal relationships are impressively portrayed. Its mysterious atmosphere captivates the audience.
278,Unmei Yoru,1976,105,Japanese,Japan,25880761.92,72839688.48,The film takes the audience on a deep adventure. Aesthetically and artistically successful film. Successfully reflects local cultural motifs. Centers on childhood memories and family bonds. Enriched with cultural elements and historical references.
279,Rêve Nuit Étoile Secret,2000,118,French,France,109666461.5,495129842.9,Aesthetically and artistically successful film. Its mysterious atmosphere captivates the audience. A story blending fantasy elements with the real world.
280,Prem Zindagi Dil,1970,94,Hindi,India,57275337.12,39013289.69,Centers on childhood memories and family bonds. Amazes viewers with its visual effects. A striking film with strong social messages.
281,Tempesta Segreto Drago Regno,1987,142,Italian,Italy,165262040,677440565.4,Aesthetically and artistically successful film. A thrilling production filled with suspenseful moments. The film takes the audience on a deep adventure. Its mysterious atmosphere captivates the audience. Its fast pace and surprising ending astonish viewers.
282,Ken Taiyō Unmei Hoshi,2019,166,Japanese,Japan,249035810.2,606026833.7,A production that will be remembered in cinema history. A striking film with strong social messages. Stands out with fast-paced action scenes. Successfully reflects local cultural motifs.
283,Aag Dosti,1985,173,Hindi,India,153616330.7,249257941,Amazes viewers with its visual effects. A striking film with strong social messages. Offers a unique interpretation of historical events. A thrilling production filled with suspenseful moments. A story blending fantasy elements with the real world.
284,Feng Qing,2009,155,Chinese,China,188857918.7,220825416.9,Enriched with cultural elements and historical references. Amazes viewers with its visual effects.
285,Sun Night Love,1997,105,Turkish,Turkey,27735161.41,20227229.49,A must-watch for its gripping script and powerful performances. Memorable scenes leave a lasting impact. A striking film with strong social messages.
286,Ken Unmei Senshi,2002,118,Japanese,Japan,33461457.36,71476773.37,The plot tells a story where love and drama intertwine. Stands out with its original script and captivating storyline. The film takes the audience on a deep adventure. Centers on childhood memories and family bonds.
287,Tormenta Noche Fuego,1990,140,Spanish,Mexico,84407726.38,272581939.7,A must-watch for its gripping script and powerful performances. A production that will be remembered in cinema history. A thrilling production filled with suspenseful moments. Centers on childhood memories and family bonds.
288,Tsuki Shizukesa Ken Tabibito,2013,122,Japanese,Japan,108490328,449709616.9,Notable for its color palette and cinematography. Enriched with cultural elements and historical references. Amazes viewers with its visual effects.
289,Batalla Legado,1994,96,Spanish,Spain,189052809.2,606530199.4,Amazes viewers with its visual effects. Offers a unique interpretation of historical events. Stands out with excellent music and set design.
290,Kingdom Storm,1974,123,English,United Kingdom,90792186.87,239136936.4,Aesthetically and artistically successful film. Amazes viewers with its visual effects.
291,Raat Prem Jeevan Safar,2005,124,Hindi,India,268526451.9,676195252.7,Its fast pace and surprising ending astonish viewers. The film takes the audience on a deep adventure. Stands out with its original script and captivating storyline. Features powerful dialogues and cleverly constructed plot. Enriched with cultural elements and historical references.
292,Susurro Dragón,1978,152,Spanish,Mexico,18707620.55,91220845.84,Centers on childhood memories and family bonds. Focuses on characters with psychological depth. Its fast pace and surprising ending astonish viewers. Stands out with fast-paced action scenes. Stands out with its original script and captivating storyline.
293,Haneul Sarangi Baram,2018,151,Korean,South Korea,233921966,538914177.9,Elegantly addresses the relationship between nature and humanity. Amazes viewers with its visual effects. Offers a unique interpretation of historical events.
294,Senshi Yūrei Hana,2020,144,Japanese,Japan,212472329.4,608272033.5,Stands out with its original script and captivating storyline. Worth watching for its emotional depth and character development.
295,Kaze Yūrei Taiyō,2004,85,Japanese,Japan,192064795.3,910234822.8,Amazes viewers with its visual effects. Focuses on characters with psychological depth. A thrilling production filled with suspenseful moments.
296,Yūrei Kaze Unmei Ken,2011,127,Japanese,Japan,97706280.73,464976883.8,The plot tells a story where love and drama intertwine. Notable for its color palette and cinematography. The film takes the audience on a deep adventure. Its mysterious atmosphere captivates the audience.
297,Nuit Sang Rêve Voix,2016,112,French,France,291495609.1,850656806.7,Stands out with excellent music and set design. Worth watching for its emotional depth and character development. A must-watch for its gripping script and powerful performances.
298,Geist Kampf Traum,1983,99,German,Germany,134093743.8,507431319.4,A striking film with strong social messages. Stands out with its original script and captivating storyline.
299,Gidae Baram Saebyeok Sarangi,1981,152,Korean,South Korea,147410255.8,557602873,Interpersonal relationships are impressively portrayed. Centers on childhood memories and family bonds. Features powerful dialogues and cleverly constructed plot.
300,Nuit Voix Cœur,1974,134,French,France,73953523.44,339527263.2,Features powerful dialogues and cleverly constructed plot. A thrilling production filled with suspenseful moments.
