UserID,UserName,Email,User_Gender,User_BirthDate,User_Country,RegistrationDate
1,yildirimsatrettin,muhammetyaman@example.net,Female,04-11-1989,Germany,22-05-2024
2,tarhanhasgul,zenginsavki@example.org,Female,09-11-1992,Germany,15-10-2020
3,corlumestur,fedentevetoglu@example.org,Female,07-07-1965,France,24-09-2015
4,unalsensoy,cbilgin@example.net,Female,14-07-1967,USA,07-12-2016
5,abid26,sayin23@example.com,Female,07-05-2005,United Kingdom,04-08-2019
6,corlucetinsu,ergulucan@example.net,Male,18-06-1991,United Kingdom,27-04-2016
7,atnan78,ihsanoglucelikkan@example.org,Female,22-09-1967,Germany,08-05-2021
8,rabbiye95,calimerdogan@example.org,Female,16-05-1976,Turkey,08-03-2023
9,seyithancorlu,denkelkisakurek@example.com,Female,20-10-1961,United Kingdom,07-08-2023
10,xsener,zihniergul@example.org,Female,19-04-2001,USA,29-11-2015
11,zuheyla19,gulusgul@example.org,Female,21-02-1977,Japan,20-05-2023
12,begimkisakurek,safinaz83@example.net,Male,02-10-1985,Turkey,30-12-2016
13,baltas30,oget41@example.org,Male,09-04-1980,Germany,14-05-2024
14,mazlum76,qmanco@example.org,Male,17-06-1986,USA,28-11-2017
15,kefserduran,mihriye69@example.com,Female,14-08-1992,Turkey,29-11-2018
16,mevlut28,wcorlu@example.org,Female,18-04-1975,Japan,31-05-2015
17,mancopiran,tugcesafak@example.net,Female,24-11-1978,USA,16-11-2022
18,kisakurekcokan,qfirat@example.net,Female,24-11-1985,Japan,29-04-2017
19,tarhanilper,tarhangunsel@example.com,Female,16-02-1984,Germany,07-01-2016
20,dundaralp46,aycanyilmaz@example.net,Male,27-05-1983,United Kingdom,09-05-2015
21,ezgin28,bilgepembesin@example.com,Female,19-08-2002,Japan,26-07-2016
22,goksevarsoy,guzeyocalan@example.net,Male,26-11-1993,United Kingdom,20-05-2022
23,tevetoglutorhan,hyildirim@example.com,Female,12-03-1992,United Kingdom,30-09-2024
24,nihai03,corlusemsinisa@example.com,Male,16-03-1990,France,07-04-2022
25,inonugulzadiye,erincerulker@example.com,Male,18-11-2001,United Kingdom,17-02-2021
26,rohatfirat,ibilir@example.net,Female,12-12-2000,France,28-08-2021
27,ugehancer,pulker@example.com,Male,07-11-1981,Japan,31-10-2017
28,hakcay,pdemir@example.org,Female,27-12-1995,United Kingdom,14-05-2018
29,samaakinal,mujdebilgin@example.org,Male,17-03-1998,Germany,06-09-2023
30,demirelrayla,bilginbengibay@example.org,Female,18-09-1974,France,28-09-2020
31,besin83,sumerya73@example.net,Other,07-01-2007,Germany,23-03-2017
32,irfanihsanoglu,yyuksel@example.com,Female,28-10-1964,USA,18-11-2025
33,gakar,ulkerafife@example.com,Female,25-02-2001,USA,10-06-2019
34,dseven,tarhanserfinaz@example.net,Female,23-12-1977,Turkey,25-11-2024
35,yorulmazulkudes,durdali33@example.org,Male,10-03-1981,United Kingdom,14-08-2024
36,byaman,sagcanertas@example.org,Female,29-10-1973,Turkey,05-09-2022
37,dumanlihezniye,yorulmazsemrin@example.net,Male,04-12-1990,Turkey,14-02-2016
38,corlunecmettin,ustunsoylu@example.com,Male,23-01-1979,Japan,27-03-2025
39,ogetakcay,aksucelikyurek@example.org,Female,05-08-1968,France,07-05-2019
40,yeraslan,barslan@example.net,Male,06-05-1989,USA,26-01-2025
41,mmanco,mertel09@example.net,Male,06-06-1966,Germany,21-11-2018
42,koruturktekbay,yorulmazmihrab@example.com,Male,25-12-1975,Turkey,12-08-2023
43,bariszorlu,akdenizkarabas@example.org,Male,22-02-1960,United Kingdom,05-11-2021
44,tarhannazlim,kdemir@example.org,Female,21-05-1972,Turkey,09-08-2020
45,mansizbulunc,lulker@example.net,Male,30-04-1968,USA,22-10-2018
46,rasul35,ruhsatgulen@example.org,Male,28-11-1987,France,04-05-2019
47,agbegim51,ertasnudret@example.net,Female,01-11-1997,United Kingdom,05-01-2017
48,erdogangurcuye,ferahdibaeraslan@example.org,Female,19-07-1969,Japan,19-03-2020
49,beren35,gulel78@example.net,Female,14-04-1996,Japan,05-01-2024
50,nihan80,sirap12@example.com,Male,25-06-2005,United Kingdom,22-04-2019
51,akgunduzdoganalp,samurtayarslan@example.net,Female,15-01-1996,France,27-09-2019
52,ucgulsama,verdesener@example.com,Male,27-05-1970,France,08-10-2021
53,deraslan,senersekim@example.com,Female,22-01-1990,United Kingdom,19-06-2024
54,yilmazturkalp,rumeysaeraslan@example.org,Female,16-01-1998,Turkey,17-12-2020
55,tdurmus,adurmus@example.org,Male,17-02-1983,USA,20-03-2017
56,akcayekbun,hasretturk@example.com,Female,06-01-1999,Japan,18-07-2015
57,adilayaman,hanceryurtguven@example.org,Male,04-12-2003,Turkey,29-02-2020
58,mahir31,kandef69@example.net,Female,21-08-1982,Germany,10-10-2019
59,necmettinbilge,hukumdarakgunduz@example.com,Female,13-01-1976,Turkey,16-04-2018
60,akcaysukufe,ilkim34@example.org,Male,15-09-1986,Turkey,17-02-2022
61,kisakurekasalet,mbilgin@example.com,Male,14-04-1963,Turkey,16-12-2020
62,tanhan33,ulkerkelami@example.com,Male,25-06-1968,USA,31-05-2016
63,sagcan14,saire86@example.net,Female,26-12-1990,France,24-11-2025
64,alpcan14,mervaeraslan@example.org,Female,20-12-2006,USA,19-05-2021
65,tevetogluakyildiz,sayan56@example.net,Male,08-06-1963,Turkey,24-08-2016
66,kisakurekmehrigul,otayturk@example.net,Female,24-01-1967,France,15-10-2018
67,hyilmaz,yurdanursafak@example.org,Male,16-01-1983,France,03-02-2023
68,orcin51,ferhan46@example.com,Female,31-05-1983,Turkey,26-05-2018
69,ssezer,kayrabayseven@example.net,Female,13-11-1981,Germany,14-10-2022
70,vtarhan,nurdenizdurdu@example.com,Male,14-03-1999,Germany,30-01-2018
71,adurmus,server36@example.net,Female,07-10-1995,Germany,15-03-2025
72,beray77,firdevisguclu@example.net,Male,01-08-1978,United Kingdom,18-03-2015
73,sevsevilcorlu,gokperi95@example.org,Male,17-07-1988,United Kingdom,02-02-2016
74,tanhancer,korkmazalpmanco@example.org,Female,31-10-1979,Turkey,19-09-2015
75,yukselcanan,ertasimren@example.net,Female,29-04-2001,Japan,05-08-2021
76,ihsansezer,zsoylu@example.org,Female,01-09-2002,United Kingdom,05-06-2025
77,sevdinarsezer,akcaydorukhan@example.com,Male,27-01-1991,United Kingdom,23-03-2024
78,hunalpsezgin,jyorulmaz@example.org,Female,06-10-2004,France,12-05-2017
79,ertasertuncay,hulker@example.net,Male,24-02-1996,Japan,13-05-2015
80,asiman98,jkaradeniz@example.com,Female,23-12-1990,Japan,07-12-2015
81,busranurdumanli,okturemis48@example.com,Male,15-04-1988,United Kingdom,24-01-2020
82,saricabaydumanli,demirelserhatmehmet@example.org,Female,16-12-1974,USA,31-12-2021
83,ufukay58,yamangiz@example.org,Male,06-02-1962,France,05-06-2023
84,jsezer,basokseven@example.com,Female,21-01-1981,Japan,18-03-2019
85,hamiyet76,bilirsahinbey@example.com,Female,29-01-1971,France,02-02-2016
86,akdenizmehdiye,aguclu@example.com,Other,16-12-1985,USA,01-01-2017
87,ozalpsan68,dursadiyebilgin@example.com,Male,15-07-1979,Germany,09-09-2019
88,bsoylu,qsama@example.net,Female,23-06-1969,United Kingdom,13-06-2022
89,kgul,icamurcuoglu@example.net,Female,12-03-1980,Germany,19-08-2024
90,camurcuogluozerdinc,corlusanavber@example.com,Male,27-04-2000,France,04-10-2016
91,bediriyeakcay,eraslancelikyurek@example.com,Male,20-12-1989,United Kingdom,22-07-2023
92,ayseanahayrioglu,celikyurek46@example.com,Female,23-05-1994,Japan,04-07-2021
93,gucluakver,akcaverim@example.org,Male,09-08-1962,France,09-12-2021
94,ocalansemine,inonualtinisin@example.org,Female,23-03-1967,Germany,21-09-2021
95,akcasumansiz,nevsalyaman@example.com,Male,04-06-1982,Turkey,12-11-2016
96,durdumerzuk,qsezer@example.com,Male,21-03-1993,Japan,04-04-2015
97,neptuntevetoglu,ocalangunsen@example.com,Female,26-04-1977,Germany,14-07-2024
98,zenginaliseydi,mehdiye66@example.net,Female,20-06-1981,United Kingdom,18-12-2016
99,binisikzengin,devinersezer@example.com,Male,24-10-1965,United Kingdom,11-01-2025
100,cetinkubran,ergulgulce@example.com,Male,25-12-1981,Germany,01-09-2022
101,berkal85,akdenizsahinbey@example.com,Female,24-05-2001,USA,10-08-2020
102,safakyilmaz,jdemirel@example.com,Female,15-04-1974,United Kingdom,29-09-2017
103,sermanfirat,nurey87@example.com,Female,15-06-1996,Turkey,21-09-2024
104,ualemdar,tolonbay31@example.com,Male,02-06-1997,France,27-09-2025
105,wyuksel,ndurdu@example.net,Female,03-12-2007,Turkey,06-01-2023
106,bsama,uakdeniz@example.org,Female,13-05-1965,France,14-04-2018
107,wbilir,urhan49@example.net,Male,22-11-2005,United Kingdom,21-01-2022
108,husnuhal08,canalyuksel@example.net,Male,20-07-1983,Turkey,02-07-2023
109,jsoylu,yasarguclu@example.net,Male,15-01-1997,Japan,13-05-2022
110,ydumanli,corlusoykut@example.org,Female,06-11-1978,USA,19-12-2017
111,psezer,siti95@example.com,Female,09-02-2001,Japan,31-01-2025
112,serafeddin85,zulfuye74@example.com,Male,23-11-1999,United Kingdom,16-09-2018
113,murit13,enes82@example.org,Male,17-03-1963,Germany,16-07-2023
114,dilfezaaslan,denizalp34@example.org,Male,30-10-1979,Germany,14-11-2024
115,idik40,sarpkinturk@example.org,Female,06-07-1987,United Kingdom,05-08-2025
116,zemzem27,bilgeakar@example.net,Male,18-06-1999,Japan,20-07-2022
117,bilay77,kanak04@example.com,Female,14-07-1971,Japan,23-08-2016
118,alemdarbedri,esoylu@example.net,Male,12-06-1980,France,25-04-2015
119,mancogencay,cabir31@example.net,Male,30-01-1961,United Kingdom,28-11-2017
120,mtevetoglu,gulerkisakurek@example.com,Female,14-05-2006,Japan,21-07-2019
121,lhancer,khancer@example.net,Other,25-12-1973,USA,01-08-2021
122,mansizdemirok,perenbilir@example.com,Male,14-07-2003,Germany,09-04-2022
123,aksuniyazi,hoskademerdogan@example.org,Male,29-01-1994,France,28-02-2015
124,sevenaynimah,carslan@example.org,Male,15-02-1980,USA,06-09-2016
125,colpan47,tarhannas@example.com,Female,01-09-1977,Japan,31-12-2018
126,senkaldemir,sehelmanco@example.com,Female,03-02-1961,Germany,02-06-2024
127,beydayorulmaz,tanyolactevetoglu@example.net,Male,12-12-1962,Japan,21-06-2019
128,amre17,zilfa64@example.net,Male,21-08-2009,Germany,13-10-2025
129,fdumanli,akgunduzakay@example.net,Other,08-01-1965,Turkey,04-01-2020
130,necva40,bilgintanyu@example.net,Male,22-05-1976,USA,26-09-2022
131,inonutalibe,mehrigul02@example.com,Female,02-12-1975,Japan,14-06-2015
132,rcamurcuoglu,minibesafak@example.net,Male,17-01-1977,Germany,23-03-2023
133,ecorlu,idiris55@example.net,Male,20-08-1978,Germany,21-07-2017
134,akdenizgunduzalp,ilkim74@example.net,Male,25-10-1968,Germany,08-01-2021
135,walemdar,ertascansin@example.com,Male,28-11-2002,Japan,21-04-2016
136,topuz16,ulkerhamiyet@example.com,Male,28-08-2008,France,11-08-2021
137,myorulmaz,olus77@example.org,Male,10-11-1960,France,10-07-2021
138,sabadurmus,sevindikdumanli@example.net,Female,23-06-1977,Japan,09-08-2021
139,bdemir,ozbilgeaksu@example.com,Male,12-07-1996,Turkey,29-09-2021
140,durmusibrahim,bilginedgubay@example.com,Male,05-07-2005,Japan,02-06-2020
141,sensoygokcebalan,tihsanoglu@example.com,Male,29-09-2007,Japan,16-10-2017
142,intihap77,acilaydurmus@example.org,Female,14-09-1987,Japan,07-01-2022
143,makar,berkiaslan@example.com,Female,20-08-1988,USA,07-01-2025
144,ferinaz40,sadiman49@example.net,Male,18-11-1965,France,12-07-2023
145,jbilge,eduran@example.com,Female,05-10-1999,Turkey,03-11-2018
146,hoskadem86,uihsanoglu@example.org,Female,17-10-1980,USA,23-05-2017
147,mahnazkisakurek,ilgiturk@example.com,Male,02-08-2007,United Kingdom,16-04-2020
148,zdemirel,qkisakurek@example.net,Male,13-11-1973,Germany,19-08-2018
149,enfesturk,fadilazengin@example.com,Female,03-03-1974,France,04-11-2021
150,bilgeanka,firatacilay@example.org,Other,27-05-1997,Germany,29-09-2023
151,ilbekbilge,biltasguclu@example.com,Male,28-03-1987,United Kingdom,27-02-2019
152,orcin61,tasvir86@example.com,Female,16-04-1988,United Kingdom,17-01-2020
153,ibilge,mansizberen@example.org,Male,03-06-1997,Germany,24-01-2015
154,muvaffak16,inonurevza@example.net,Male,21-07-1972,France,07-12-2025
155,dumanligucluer,alsoy05@example.org,Female,21-02-1978,Turkey,04-05-2017
156,yasattin56,odkanlifirat@example.com,Male,09-05-1998,United Kingdom,14-11-2023
157,harizakcay,mansizcogay@example.net,Female,22-11-1977,Germany,11-12-2023
158,ervaniyecamurcuoglu,nabilertas@example.net,Male,30-07-1984,Germany,13-03-2016
159,balli40,sakcay@example.net,Male,13-01-2003,USA,23-07-2025
160,bilgendumanli,mufide46@example.net,Female,29-12-1994,Turkey,18-09-2022
161,acilay43,eakdeniz@example.org,Other,23-08-1993,United Kingdom,31-08-2015
162,cokandurdu,mecide44@example.org,Male,03-04-2008,Japan,22-02-2019
163,aaslan,camurcuogluneriban@example.net,Male,21-08-1966,Turkey,22-08-2018
164,skaradeniz,neslinursezgin@example.com,Female,10-12-1977,USA,20-04-2021
165,rumeysaakar,ticen21@example.net,Male,13-01-2009,USA,22-07-2023
166,hanceraral,zenginyurttas@example.net,Female,17-12-1961,Germany,29-07-2016
167,celilaycamurcuoglu,tuncboga62@example.org,Female,31-12-1999,United Kingdom,19-05-2023
168,guzeyakgunduz,gulsiye84@example.org,Male,04-05-2001,United Kingdom,23-01-2019
169,deniz45,ertasbinbasar@example.org,Other,28-03-1983,Japan,11-11-2017
170,temimegul,zakdeniz@example.net,Male,07-11-1996,USA,17-10-2019
171,celilay60,gungoren17@example.com,Female,29-05-1965,Turkey,28-03-2025
172,mihriye65,tarhannas@example.com,Female,17-11-1962,Turkey,06-10-2025
173,mansizkefser,nezengul31@example.net,Female,10-12-1989,Germany,11-02-2022
174,scamurcuoglu,selime61@example.org,Male,01-02-2010,Germany,03-10-2023
175,akcaariel,elgin11@example.org,Female,14-11-1967,USA,08-06-2021
176,oryurekertas,suzer86@example.net,Other,22-07-1966,Japan,09-08-2023
177,inanclisensoy,karadenizdurrusehvar@example.net,Male,27-08-1973,France,18-04-2022
178,rakca,sezerzihni@example.org,Female,26-06-1990,USA,03-02-2020
179,pdumanli,demirok58@example.net,Male,11-05-1986,Turkey,27-01-2015
180,bayman64,ercihanakca@example.com,Male,02-12-1988,Turkey,16-10-2019
181,ulkermasar,yorulmazturkalp@example.org,Female,20-04-1989,USA,20-12-2020
182,kutgunbilir,karadenizhumeyra@example.org,Female,09-09-1973,Germany,12-02-2017
183,nakipsama,musureyilmaz@example.com,Male,09-05-1962,United Kingdom,24-12-2020
184,erkilicduran,hindal10@example.org,Female,19-03-1966,USA,03-09-2018
185,ergulnesip,akgol24@example.org,Male,06-03-1987,Japan,30-10-2016
186,salifirat,koruturkbashan@example.com,Female,28-06-1979,USA,30-08-2023
187,xocalan,dumanlifatinur@example.org,Female,11-06-1999,USA,19-05-2016
188,gulsevsevil,badegul00@example.com,Female,17-09-1978,France,08-04-2019
189,rsafak,soyluozpetek@example.com,Male,13-06-1978,France,24-08-2023
190,akcaybogatimur,nevgin21@example.org,Male,16-09-1975,Turkey,06-09-2020
191,paye98,cinerk98@example.com,Male,22-10-1978,Turkey,07-05-2016
192,mzorlu,ysakarya@example.net,Female,05-06-1988,United Kingdom,28-08-2019
193,akdenizsernur,adiladumanli@example.org,Female,13-04-1992,Turkey,11-05-2020
194,dsama,useven@example.org,Female,13-06-1961,Turkey,30-01-2015
195,sinasi54,goknur71@example.org,Other,22-12-1968,France,23-12-2018
196,corluakay,koruturkadem@example.org,Male,23-12-1986,Turkey,28-07-2017
197,zenginkerime,susen16@example.com,Male,23-08-1984,France,08-03-2023
198,ubilge,arslannazende@example.com,Female,29-11-1975,USA,01-05-2021
199,dincer98,gokcilulker@example.com,Male,23-02-2002,Germany,20-07-2023
200,doguhanergul,efser49@example.org,Female,17-04-1986,Germany,03-03-2019
201,jakdeniz,tevetoglusevim@example.net,Male,01-09-1975,USA,02-07-2025
202,alsoy24,umutcan50@example.org,Female,17-04-1976,Japan,04-02-2019
203,kubranulker,jerdogan@example.net,Female,17-06-1987,Turkey,12-07-2019
204,corlugulsevil,cagaseven@example.com,Male,26-04-1962,Germany,20-09-2018
205,gulaga54,laze91@example.org,Female,12-12-1972,Turkey,31-03-2025
206,gulagainonu,tarhanbulunc@example.com,Male,12-02-2007,Germany,26-11-2016
207,bulker,ctevetoglu@example.com,Male,24-12-1979,Turkey,13-01-2016
208,memili81,adila14@example.net,Other,31-08-2001,Turkey,28-08-2019
209,qfirat,aydinc36@example.net,Female,24-01-1960,USA,29-06-2018
210,yilmazkosemen,maksur24@example.com,Male,11-06-2008,United Kingdom,06-02-2019
211,enginiz07,iakcay@example.com,Female,10-08-1977,France,30-05-2016
212,evrimdurmus,beyler60@example.com,Female,16-10-1972,USA,12-07-2017
213,ertasborahan,mehdiye69@example.com,Male,10-06-1969,Japan,20-10-2017
214,harslan,uyildirim@example.org,Female,05-01-1987,USA,08-09-2018
215,skaradeniz,cansin61@example.org,Female,06-12-1983,Germany,10-07-2023
216,zzengin,gulentaygan@example.net,Male,10-01-1973,France,01-07-2021
217,mirbadin52,zorlurengul@example.org,Male,02-10-1977,Japan,26-12-2025
218,velitdinergul,necdatsakarya@example.org,Female,03-05-1981,USA,25-10-2016
219,konguralp29,sevcanerdogan@example.org,Female,29-05-2003,Turkey,14-08-2024
220,wertas,ktarhan@example.net,Female,23-05-1996,Japan,26-01-2020
221,pesent52,eerdogan@example.com,Male,18-06-1999,Germany,27-04-2016
222,saricabay90,ferinaz14@example.com,Male,18-09-1976,United Kingdom,11-11-2017
223,dturk,server11@example.net,Male,28-08-1968,Germany,29-06-2022
224,lertas,dumanlimahigul@example.net,Male,13-10-1992,United Kingdom,14-10-2019
225,toktugtevetoglu,jzorlu@example.org,Male,14-01-2001,USA,22-04-2024
226,zsakarya,ulkum18@example.net,Female,01-05-1971,Germany,17-10-2024
227,aslanhanyuksel,hdumanli@example.net,Male,11-06-1967,France,01-11-2025
228,yurdanurarsoy,onsal65@example.net,Female,01-11-2005,France,09-03-2017
229,cetinrayla,behrem51@example.net,Male,02-10-1991,Turkey,22-11-2020
230,qarslan,turabicorlu@example.net,Female,07-02-2007,Germany,12-07-2015
231,verimhancer,myaman@example.net,Male,17-08-2007,Germany,14-11-2016
232,hancerkader,ysensoy@example.com,Female,19-04-1980,Turkey,15-06-2024
233,susensezer,sensoysuzer@example.com,Male,20-02-1978,Germany,14-02-2018
234,aksogut54,mehmedsama@example.com,Male,22-10-2006,United Kingdom,25-11-2025
235,mutasimyaman,bisararslan@example.org,Male,30-11-1986,France,02-01-2015
236,ulkerulu,naidekisakurek@example.org,Female,15-12-1987,Japan,05-05-2017
237,isikaykaradeniz,ilperdumanli@example.org,Male,25-10-1996,Turkey,28-07-2016
238,rarsoy,atanurmansiz@example.com,Female,02-10-1981,USA,22-05-2019
239,ibilgin,tatusezgin@example.com,Female,20-04-1982,France,10-05-2024
240,zahidtarhan,xertas@example.com,Other,12-10-1984,USA,29-07-2016
241,hzorlu,maksu@example.net,Female,15-08-1973,Japan,23-04-2017
242,onatyorulmaz,xbilge@example.net,Male,18-05-1989,Japan,14-02-2015
243,demirelgokce,arslanbortecin@example.org,Female,07-04-2002,United Kingdom,09-08-2017
244,aylil82,ocorlu@example.com,Female,05-10-2000,Turkey,21-09-2016
245,almus60,xzorlu@example.org,Female,04-09-1963,United Kingdom,12-04-2019
246,xcorlu,alpinhayrioglu@example.org,Male,10-02-1975,Japan,29-10-2024
247,feza20,birsan27@example.com,Female,12-12-1967,USA,17-03-2023
248,akcaybozbag,eraslanmemili@example.org,Male,13-05-2004,United Kingdom,20-05-2024
249,xdemir,nerim41@example.org,Female,19-02-1985,Turkey,12-06-2024
250,sahatsener,herdogan@example.com,Female,24-08-1997,Japan,24-06-2022
251,senergokperi,ihsanmanco@example.com,Male,24-07-2003,Turkey,21-09-2017
252,nyilmaz,noman96@example.org,Female,04-11-1983,USA,01-03-2016
253,firatyertan,firathansultan@example.net,Female,18-09-1993,Germany,20-10-2021
254,kisakurekbilginur,senerongen@example.com,Female,04-11-1968,Turkey,15-06-2021
255,akif51,nural19@example.net,Male,04-11-1997,USA,22-02-2024
256,ertuncay05,sanavber27@example.net,Female,30-06-1999,United Kingdom,22-07-2024
257,lsener,basaydemirel@example.com,Male,08-10-1995,Germany,13-02-2024
258,arslankosukhan,cetinkorugan@example.org,Female,02-03-1962,USA,26-01-2022
259,taygan86,ceraslan@example.net,Female,18-07-1962,United Kingdom,06-03-2023
260,serhatmehmetergul,bilgesevcan@example.com,Female,12-11-1990,United Kingdom,14-12-2018
261,erdursun56,ckoruturk@example.com,Female,10-02-1989,France,20-02-2020
262,karaer77,gulbeyan41@example.net,Female,05-02-2009,USA,09-04-2022
263,bcorlu,hasretarslan@example.com,Female,08-06-1975,United Kingdom,21-06-2024
264,corluturabi,tansev79@example.net,Male,14-04-2008,United Kingdom,19-04-2023
265,saksu,cergul@example.org,Male,11-02-1968,United Kingdom,04-03-2022
266,nurda64,erdogansirriye@example.net,Female,14-09-1976,Germany,26-06-2023
267,garsoy,altinisinmanco@example.net,Female,20-07-2003,United Kingdom,07-12-2018
268,iturk,yukselsaci@example.com,Female,13-02-1975,United Kingdom,15-08-2018
269,cidal90,tuledumanli@example.com,Female,28-05-2005,USA,08-11-2022
270,atanur19,gulselinarsoy@example.com,Female,14-09-1995,Germany,08-12-2021
271,selmin43,yildirimsirivan@example.org,Male,20-04-1996,Turkey,22-07-2024
272,yfirat,eraslanramadan@example.net,Male,28-09-1991,Japan,14-06-2019
273,nbilir,yucel73@example.org,Female,14-05-1986,Turkey,17-11-2021
274,bilgendumanli,ugedumanli@example.org,Other,14-09-1999,United Kingdom,06-04-2024
275,soyler51,suvari22@example.com,Male,24-07-1984,Germany,18-04-2015
276,eraycanakar,necmettincetin@example.com,Other,04-01-1982,Japan,24-10-2024
277,arsoyhuda,beste82@example.net,Female,15-01-1973,Japan,20-02-2015
278,erdogantatu,udemirel@example.com,Female,10-05-2003,Turkey,25-05-2024
279,aocalan,yamantemucin@example.net,Female,19-12-2010,Germany,26-02-2017
280,dumanliberiye,erincer89@example.org,Female,23-09-1994,Germany,17-05-2023
281,akisezorlu,karadenizerdursun@example.net,Male,13-09-1992,United Kingdom,03-02-2025
282,tanakaksu,tolonbayihsanoglu@example.net,Male,25-01-1972,Germany,10-08-2018
283,ugurtanakca,boynak43@example.net,Male,11-07-2005,Germany,11-12-2022
284,erensoy49,zorlusahil@example.org,Male,09-06-1980,United Kingdom,28-01-2023
285,hatemulker,koncagul00@example.org,Male,09-10-1964,USA,29-02-2020
286,akcasaire,semat39@example.com,Female,19-10-1965,France,09-09-2025
287,soylupesent,salimet47@example.org,Male,28-02-1965,Germany,17-01-2025
288,dhancer,sezerbaydu@example.org,Male,18-10-1991,Japan,25-09-2015
289,eseven,vbilir@example.net,Female,22-06-1962,United Kingdom,01-01-2023
290,teberbilge,sevketfeza56@example.org,Female,18-12-1971,France,12-06-2019
291,gok81,nuretdin71@example.com,Female,02-05-1987,United Kingdom,15-09-2018
292,jyuksel,yorulmazsezginbas@example.com,Female,09-12-1972,Germany,05-08-2023
293,kyuksel,melikkan53@example.org,Female,01-10-1964,United Kingdom,26-12-2022
294,dzorlu,takgunduz@example.com,Female,15-05-1966,Turkey,19-11-2021
295,corluozel,nyuksel@example.net,Female,17-06-1977,France,16-10-2017
296,aytek04,ptevetoglu@example.net,Male,28-05-2004,USA,04-03-2023
297,iarslan,akdenizdogansah@example.com,Male,15-03-1996,Turkey,09-06-2021
298,risaletgul,ummet50@example.com,Female,04-06-1972,France,02-07-2024
299,durdukerime,yolaldurmus@example.com,Male,01-12-1975,Turkey,06-12-2022
300,kisakurekfatmanur,jinonu@example.com,Male,16-05-1983,France,03-07-2019
